{"https://msdn.microsoft.com/en-us":[{"Item1":true,"Item2":true,"Item3":1145,"Item4":63577860943},{"Item1":true,"Item2":true,"Item3":818,"Item4":63577860949},{"Item1":true,"Item2":true,"Item3":1163,"Item4":63577860957},{"Item1":true,"Item2":true,"Item3":600,"Item4":63577860963},{"Item1":true,"Item2":true,"Item3":1435,"Item4":63577860991},{"Item1":true,"Item2":true,"Item3":546,"Item4":63577860996},{"Item1":true,"Item2":true,"Item3":752,"Item4":63577861003},{"Item1":true,"Item2":true,"Item3":451,"Item4":63577861008},{"Item1":true,"Item2":true,"Item3":476,"Item4":63577861015},{"Item1":true,"Item2":true,"Item3":429,"Item4":63577861021},{"Item1":true,"Item2":true,"Item3":530,"Item4":63577861027},{"Item1":true,"Item2":true,"Item3":431,"Item4":63577861033}],"http://stackoverflow.com/":[{"Item1":true,"Item2":true,"Item3":387,"Item4":63577860942},{"Item1":true,"Item2":true,"Item3":838,"Item4":63577860949},{"Item1":true,"Item2":true,"Item3":322,"Item4":63577860956},{"Item1":true,"Item2":true,"Item3":415,"Item4":63577860962},{"Item1":true,"Item2":true,"Item3":679,"Item4":63577860990},{"Item1":true,"Item2":true,"Item3":659,"Item4":63577860997},{"Item1":true,"Item2":true,"Item3":490,"Item4":63577861002},{"Item1":true,"Item2":true,"Item3":421,"Item4":63577861008},{"Item1":true,"Item2":true,"Item3":511,"Item4":63577861015},{"Item1":true,"Item2":true,"Item3":607,"Item4":63577861021},{"Item1":true,"Item2":true,"Item3":310,"Item4":63577861026},{"Item1":true,"Item2":true,"Item3":2891,"Item4":63577861035}],"https://github.com/":[{"Item1":true,"Item2":false,"Item3":491,"Item4":63577860942},{"Item1":true,"Item2":false,"Item3":692,"Item4":63577860942},{"Item1":true,"Item2":false,"Item3":141,"Item4":63577860948},{"Item1":true,"Item2":false,"Item3":150,"Item4":63577860948},{"Item1":true,"Item2":false,"Item3":491,"Item4":63577860957},{"Item1":true,"Item2":false,"Item3":706,"Item4":63577860957},{"Item1":true,"Item2":false,"Item3":135,"Item4":63577860962},{"Item1":true,"Item2":false,"Item3":142,"Item4":63577860962},{"Item1":true,"Item2":false,"Item3":497,"Item4":63577860990},{"Item1":true,"Item2":false,"Item3":840,"Item4":63577860990},{"Item1":true,"Item2":false,"Item3":139,"Item4":63577860997},{"Item1":true,"Item2":false,"Item3":138,"Item4":63577860996},{"Item1":true,"Item2":false,"Item3":143,"Item4":63577861003},{"Item1":true,"Item2":false,"Item3":159,"Item4":63577861002},{"Item1":true,"Item2":false,"Item3":136,"Item4":63577861009},{"Item1":true,"Item2":false,"Item3":140,"Item4":63577861008},{"Item1":true,"Item2":false,"Item3":144,"Item4":63577861014},{"Item1":true,"Item2":false,"Item3":501,"Item4":63577861015},{"Item1":true,"Item2":false,"Item3":158,"Item4":63577861020},{"Item1":true,"Item2":false,"Item3":142,"Item4":63577861020},{"Item1":true,"Item2":false,"Item3":151,"Item4":63577861026},{"Item1":true,"Item2":false,"Item3":150,"Item4":63577861026},{"Item1":true,"Item2":false,"Item3":172,"Item4":63577861032},{"Item1":true,"Item2":false,"Item3":140,"Item4":63577861032}],"https://blasedfasdfaosyhfasd/":[{"Item1":false,"Item2":false,"Item3":0,"Item4":63577860991},{"Item1":false,"Item2":false,"Item3":0,"Item4":63577860997},{"Item1":false,"Item2":false,"Item3":0,"Item4":63577861003},{"Item1":false,"Item2":false,"Item3":0,"Item4":63577861009},{"Item1":false,"Item2":false,"Item3":0,"Item4":63577861015},{"Item1":false,"Item2":false,"Item3":0,"Item4":63577861021},{"Item1":false,"Item2":false,"Item3":0,"Item4":63577861027},{"Item1":false,"Item2":false,"Item3":0,"Item4":63577861033}]}